{"cameraMode":{"drawMode":0,"name":"Shaded","section":"Shading Mode"},"sceneLighting":false,"audioPlay":false,"sceneViewState":{"m_AlwaysRefresh":false,"showFog":true,"showSkybox":false,"showFlares":true,"showImageEffects":true,"showParticleSystems":true,"showVisualEffectGraphs":true,"m_FxEnabled":true},"in2DMode":false,"pivot":{"x":11.619999885559082,"y":-0.04296445846557617,"z":10.829999923706055},"rotation":{"x":-0.06785893440246582,"y":0.42236945033073428,"z":0.03174794092774391,"w":0.9033090472221375},"size":10.954468727111817,"orthographic":false}