{"cameraMode":{"drawMode":0,"name":"Shaded","section":"Shading Mode"},"sceneLighting":true,"audioPlay":false,"sceneViewState":{"m_AlwaysRefresh":false,"showFog":true,"showSkybox":true,"showFlares":true,"showImageEffects":true,"showParticleSystems":true,"showVisualEffectGraphs":true,"m_FxEnabled":true},"in2DMode":false,"pivot":{"x":-2.770763635635376,"y":2.238887071609497,"z":3.2721755504608156},"rotation":{"x":0.12972895801067353,"y":-0.7198573350906372,"z":0.13995042443275453,"w":0.6673595905303955},"size":1.2264914512634278,"orthographic":false}